"stolen_date","brand","model","color","stolen_from","recovery","Year","Month","Day"
"03/31/2022","SCCY","CPX-2","BLU","RESIDENCE","NOT RECOVERED","2022","03","31"
"03/28/2022","CENTURY ARMS",NA,"BLK","HIGHWAY/ROAD/ALLEY","RECOVERED LOCALLY","2022","03","28"
"03/22/2022","TAURUS","G2C","BLK","RESIDENCE","NOT RECOVERED","2022","03","22"
"03/22/2022","SMITH & WESSON","SC40","BLK","RESIDENCE","NOT RECOVERED","2022","03","22"
"03/15/2022","TAURUS","G2C 9MM",NA,"RESIDENCE","NOT RECOVERED","2022","03","15"
"03/12/2022","REMINGTON","PUMP","BRO","RESIDENCE","NOT RECOVERED","2022","03","12"
"03/12/2022","BROWNING","AUTO","BRO","RESIDENCE","NOT RECOVERED","2022","03","12"
"03/12/2022","BROWNING","PUMP","BRO","RESIDENCE","NOT RECOVERED","2022","03","12"
"03/12/2022","GLOCK","19X","BGE","RESIDENCE","NOT RECOVERED","2022","03","12"
"03/12/2022","GLOCK",".380 54X SUB","BLK","RESIDENCE","NOT RECOVERED","2022","03","12"
"03/12/2022","TAURAS","9MM SUB COMPACT","BLK","RESIDENCE","NOT RECOVERED","2022","03","12"
"03/11/2022","BERSA","THUNDER 9",NA,"RESIDENCE","NOT RECOVERED","2022","03","11"
"03/11/2022","TAURUS","G2C",NA,"RESIDENCE","NOT RECOVERED","2022","03","11"
"02/08/2022","RUGER",NA,NA,"LT07","NOT RECOVERED","2022","02","08"
"12/19/2021","SCCY","CPX-2TTPURD",NA,"RESIDENCE","RECOVERED OTHER","2021","12","19"
"12/17/2021","TAURUS","G2",NA,"BAR/NIGHTCLUB","NOT RECOVERED","2021","12","17"
"12/16/2021",NA,NA,"PNK","RESIDENCE","NOT RECOVERED","2021","12","16"
"12/04/2021","TAURUS","G2C","BLK","RESIDENCE","NOT RECOVERED","2021","12","04"
"11/24/2021","DIAMOND",NA,"BLK","LT02","NOT RECOVERED","2021","11","24"
"11/07/2021","SARASILMAZ",".45MM","SIL","RESIDENCE","NOT RECOVERED","2021","11","07"
"11/07/2021","SMITH & WESSON","9MM",NA,"RESIDENCE","RECOVERED LOCALLY","2021","11","07"
"11/07/2021","AERO PRECISION","556 CALIBER","BLK","RESIDENCE","NOT RECOVERED","2021","11","07"
"11/07/2021","TACTICAL EDGE","9MM CALIBER","BLK","RESIDENCE","NOT RECOVERED","2021","11","07"
"11/04/2021","CANIK","TP 9SF","BLK","RESIDENCE","NOT RECOVERED","2021","11","04"
"11/03/2021","SIG SAUER","SP2022","BLK","HOTEL/MOTEL","NOT RECOVERED","2021","11","03"
"10/30/2021","RUGER","EC9",NA,"RESIDENCE","NOT RECOVERED","2021","10","30"
"10/27/2021","SMITH & WESSON",".40 CALIBER","BLK","RESIDENCE","NOT RECOVERED","2021","10","27"
"10/27/2021","STEVENS 320","20 GAUGE","BLK","RESIDENCE","NOT RECOVERED","2021","10","27"
"10/27/2021","DELTON","DTI 15","BLK","RESIDENCE","NOT RECOVERED","2021","10","27"
"10/24/2021","TAURUS","G2C",NA,"RESIDENCE","NOT RECOVERED","2021","10","24"
"10/17/2021","GLOCK","43X","BLK","RESIDENCE","RECOVERED LOCALLY","2021","10","17"
"10/13/2021","RUGER",NA,"SIL","RESIDENCE","RECOVERED LOCALLY","2021","10","13"
"09/30/2021","TAURUS","PT111G2A","BLK","RESIDENCE","NOT RECOVERED","2021","09","30"
"09/01/2021","RUGER","9MM","TEA","RESIDENCE","NOT RECOVERED","2021","09","01"
"08/22/2021","GLOCK 19",NA,NA,"RESIDENCE","NOT RECOVERED","2021","08","22"
"08/02/2021","GLOCK","380","BLK","COMMERCIAL/OFFICE BUILDING","NOT RECOVERED","2021","08","02"
"08/02/2021","MOSSBERG",NA,"BRO","COMMERCIAL/OFFICE BUILDING","RECOVERED LOCALLY","2021","08","02"
"07/23/2021","GLOCK","42","BLK","BAR/NIGHTCLUB","NOT RECOVERED","2021","07","23"
"07/19/2021","GLOCK","40",NA,"RESIDENCE","NOT RECOVERED","2021","07","19"
"07/18/2021","GLOCK","43","BLK","RESIDENCE","RECOVERED LOCALLY","2021","07","18"
"07/14/2021","PHOENIX ARMS","HP22A","BLK","RESIDENCE","NOT RECOVERED","2021","07","14"
"06/24/2021","TAURUS",NA,"BLK","RESIDENCE","NOT RECOVERED","2021","06","24"
"06/22/2021","GLOCK","G30 GEN 4",NA,"COMMERCIAL/OFFICE BUILDING","NOT RECOVERED","2021","06","22"
"06/12/2021","SMITH & WESSON",NA,"BLK","RESIDENCE","NOT RECOVERED","2021","06","12"
"05/29/2021","SIG SAUER","P226","TAN","RESIDENCE","NOT RECOVERED","2021","05","29"
"05/29/2021","RUGER","LC9","PNK","SPECIALITY STORE","RECOVERED OTHER","2021","05","29"
"05/24/2021","HERITAGE",NA,NA,"RESIDENCE","NOT RECOVERED","2021","05","24"
"05/21/2021","SMITH & WESSON","SD",NA,"RESIDENCE","NOT RECOVERED","2021","05","21"
"05/07/2021","GLOCK","43X","BLK","RESIDENCE","NOT RECOVERED","2021","05","07"
"04/20/2021","SIG",NA,NA,"RESIDENCE","NOT RECOVERED","2021","04","20"
"03/18/2021","SIG SAUER",NA,"BLK","RESIDENCE","NOT RECOVERED","2021","03","18"
"03/14/2021","SIG SAUER","637 .38 SPECIAL",NA,"OTHER/UNKNOWN","NOT RECOVERED","2021","03","14"
"03/10/2021","TAURUS","PT-25",NA,"COMMERCIAL/OFFICE BUILDING","NOT RECOVERED","2021","03","10"
"03/02/2021","GLOCK 17","GEN 5","BLK","RESIDENCE","NOT RECOVERED","2021","03","02"
"03/01/2021","ROCK ISLAND","1911","BLK","RESIDENCE","NOT RECOVERED","2021","03","01"
"02/26/2021",NA,NA,NA,"RESIDENCE","RECOVERED LOCALLY","2021","02","26"
"02/26/2021","DRAKO","AK PISTOL",NA,"RESIDENCE","NOT RECOVERED","2021","02","26"
"02/08/2021","ANGSTADT","AR9","BLK","AUTO DEALERSHIP","NOT RECOVERED","2021","02","08"
"02/08/2021","ANGSTADT","AR9 9MM","BRO","AUTO DEALERSHIP","NOT RECOVERED","2021","02","08"
"02/08/2021","FNFAL",".308/.762","BRO","AUTO DEALERSHIP","NOT RECOVERED","2021","02","08"
"02/08/2021","SIG SAUER","716","TAN","AUTO DEALERSHIP","NOT RECOVERED","2021","02","08"
"01/14/2021","TAURUS","G2C","BLK","RESIDENCE","NOT RECOVERED","2021","01","14"
"01/14/2021","KAHR","P380","SIL","DRUG STORE/DR OFFICE/HOSPITAL","NOT RECOVERED","2021","01","14"
"01/08/2021","TAURUS",NA,"BLK","RESIDENCE","NOT RECOVERED","2021","01","08"
"01/07/2021","BUSHMASTER",NA,NA,"RESIDENCE","NOT RECOVERED","2021","01","07"
"01/07/2021","ROCK RIVER",NA,NA,"RESIDENCE","NOT RECOVERED","2021","01","07"
"01/07/2021","COLT",NA,NA,"RESIDENCE","NOT RECOVERED","2021","01","07"
"01/07/2021","MOSSBERG",NA,NA,"RESIDENCE","NOT RECOVERED","2021","01","07"
"01/07/2021","BROWNING",NA,NA,"RESIDENCE","NOT RECOVERED","2021","01","07"
"01/07/2021","GLOCK",NA,NA,"RESIDENCE","NOT RECOVERED","2021","01","07"
"01/07/2021",NA,NA,NA,"RESIDENCE","NOT RECOVERED","2021","01","07"
"01/07/2021","SMITH & WESSON",NA,NA,"RESIDENCE","NOT RECOVERED","2021","01","07"
"01/07/2021","BERETTA",NA,NA,"RESIDENCE","NOT RECOVERED","2021","01","07"
"12/26/2020","RUGER","LCP380",NA,"RESIDENCE","NOT RECOVERED","2020","12","26"
"12/25/2020","SMITH & WESSON","MPSHIELD SEMI-A","BLK","RESIDENCE","NOT RECOVERED","2020","12","25"
"12/04/2020","TAURUS","G2C",NA,"RESIDENCE","NOT RECOVERED","2020","12","04"
"11/30/2020","GLOCK","17 GEN 5",NA,"RESIDENCE","RECOVERED LOCALLY","2020","11","30"
"11/15/2020","TAURUS","G3 9MM","BLK","SCHOOL/COLLEGE","NOT RECOVERED","2020","11","15"
"11/14/2020","RUGER",NA,"BLK","RESIDENCE","NOT RECOVERED","2020","11","14"
"11/06/2020","GLOCK","19","BLK","RESIDENCE","NOT RECOVERED","2020","11","06"
"10/29/2020","MOSSBERG",NA,NA,"RESIDENCE","NOT RECOVERED","2020","10","29"
"10/29/2020","MAADI",NA,NA,"RESIDENCE","NOT RECOVERED","2020","10","29"
"10/29/2020","SMITH & WESSON",NA,NA,"RESIDENCE","NOT RECOVERED","2020","10","29"
"10/06/2020","SCCY INDUSTRIES","CPX-2 9 MM",NA,"RESIDENCE","RECOVERED LOCALLY","2020","10","06"
"10/05/2020","TAURUS","1911",NA,"RESIDENCE","NOT RECOVERED","2020","10","05"
"10/01/2020","GLOCK 22","GEN 4","BLK","RESIDENCE","NOT RECOVERED","2020","10","01"
"10/01/2020",NA,NA,NA,"RESIDENCE","NOT RECOVERED","2020","10","01"
"10/01/2020",NA,NA,NA,"RESIDENCE","NOT RECOVERED","2020","10","01"
"10/01/2020",NA,"AR-15",NA,"RESIDENCE","NOT RECOVERED","2020","10","01"
"09/21/2020","RUGER","AR15","BLK","RESIDENCE","NOT RECOVERED","2020","09","21"
"09/16/2020","TAURUS","G3","BLK","RESIDENCE","NOT RECOVERED","2020","09","16"
"09/16/2020","RUGER","WRANGLER","BLK","RESIDENCE","NOT RECOVERED","2020","09","16"
"09/15/2020","SMITH & WESSON",".38",NA,"RESIDENCE","NOT RECOVERED","2020","09","15"
"09/14/2020","WALTHER","PPS","BLK","RESIDENCE","RECOVERED OTHER","2020","09","14"
"09/12/2020","GLOCK","22, GEN 4","BLK","RESIDENCE","NOT RECOVERED","2020","09","12"
"09/07/2020","SMITH & WESSON",NA,"SIL","HOTEL/MOTEL","NOT RECOVERED","2020","09","07"
"09/05/2020","RUGER","LCP","BLK","RESIDENCE","NOT RECOVERED","2020","09","05"
"08/25/2020","SMITH & WESSON","10","BLK","RESIDENCE","NOT RECOVERED","2020","08","25"
"08/08/2020","GLOCK 23","GEN 4",NA,"SHOPPING MALL","NOT RECOVERED","2020","08","08"
"07/31/2020","RUGER","ED9S",NA,"RESIDENCE","RECOVERED OTHER","2020","07","31"
"07/31/2020","TAURUS","PT111 G2A",NA,"RESIDENCE","RECOVERED OTHER","2020","07","31"
"07/28/2020","TAURUS",".380","BLK","RESIDENCE","NOT RECOVERED","2020","07","28"
"07/27/2020","SMITH & WESSON","BODY GUARD","BLK","RESIDENCE","NOT RECOVERED","2020","07","27"
"07/22/2020",NA,NA,"SIL","HOTEL/MOTEL","NOT RECOVERED","2020","07","22"
"07/15/2020","GLOCK","19","BLK","RESIDENCE","NOT RECOVERED","2020","07","15"
"07/15/2020","SMITH & WESSON","SDV9","BLK","RESIDENCE","NOT RECOVERED","2020","07","15"
"07/15/2020","CENTURY ARMS","MINI DRACO","BLK","RESIDENCE","NOT RECOVERED","2020","07","15"
"05/25/2020","NEW ENGLAND","PARDNER","BRO","RESIDENCE","NOT RECOVERED","2020","05","25"
"05/22/2020","GLOCK","19X","SDY","RESIDENCE","NOT RECOVERED","2020","05","22"
"04/16/2020","BAIKAL","IJ70",NA,"SPECIALITY STORE","NOT RECOVERED","2020","04","16"
"04/16/2020","FRANCHI","SPA",NA,"SPECIALITY STORE","RECOVERED LOCALLY","2020","04","16"
"04/16/2020","SAVAGE","110",NA,"SPECIALITY STORE","NOT RECOVERED","2020","04","16"
"04/16/2020","TIMNEY",NA,NA,"SPECIALITY STORE","NOT RECOVERED","2020","04","16"
"04/16/2020","NIGHTFORCE","NXS 8-32X56",NA,"SPECIALITY STORE","NOT RECOVERED","2020","04","16"
"04/16/2020","HARRIS","BI-POD",NA,"SPECIALITY STORE","NOT RECOVERED","2020","04","16"
"04/16/2020","LARUE",NA,NA,"SPECIALITY STORE","NOT RECOVERED","2020","04","16"
"04/16/2020","CZ","P07",NA,"SPECIALITY STORE","RECOVERED LOCALLY","2020","04","16"
"04/16/2020","HIGH STANDARD","SPORTS KINGS",NA,"SPECIALITY STORE","NOT RECOVERED","2020","04","16"
"04/16/2020","ITHACA","AOW M87",NA,"SPECIALITY STORE","NOT RECOVERED","2020","04","16"
"04/16/2020","AERO PRECISION","X15",NA,"SPECIALITY STORE","NOT RECOVERED","2020","04","16"
"03/31/2020","GLOCK","19",NA,"RESIDENCE","NOT RECOVERED","2020","03","31"
"03/29/2020","AMERICAN ARMS",NA,NA,"RESIDENCE","NOT RECOVERED","2020","03","29"
"03/12/2020","SCCY","9MM","PLE","RESIDENCE","NOT RECOVERED","2020","03","12"
"03/09/2020","KEL-TEC",NA,NA,"RESIDENCE","NOT RECOVERED","2020","03","09"
"03/01/2020","RUGER","SR9C","BLK","RESIDENCE","NOT RECOVERED","2020","03","01"
"02/19/2020","COLT","1911 .45 CAL PI","BLU","RESIDENCE","NOT RECOVERED","2020","02","19"
"02/19/2020","PENN","1863 CIVIL WAR",NA,"RESIDENCE","NOT RECOVERED","2020","02","19"
"02/19/2020",NA,NA,NA,"RESIDENCE","NOT RECOVERED","2020","02","19"
"01/19/2020","GLOCK","21","BLK","RESIDENCE","NOT RECOVERED","2020","01","19"
"01/19/2020","GLOCK","27","BLK","RESIDENCE","RECOVERED OTHER","2020","01","19"
"01/09/2020","ROCK ISLAND","1911","BLK","RESIDENCE","NOT RECOVERED","2020","01","09"
"01/05/2020","GLOCK",NA,NA,"RESIDENCE","RECOVERED OTHER","2020","01","05"
"01/05/2020","DYNAMIC WEAPONS",NA,"BLK","RESIDENCE","NOT RECOVERED","2020","01","05"
"01/05/2020","STREAMLIGHT",NA,NA,"RESIDENCE","NOT RECOVERED","2020","01","05"
"01/05/2020","TRIJICON",NA,"BLK","RESIDENCE","NOT RECOVERED","2020","01","05"
"01/05/2020","ARRENDONDO",NA,"BLK","RESIDENCE","NOT RECOVERED","2020","01","05"
"01/03/2020","BURSA","THUNDER","BLK","RESIDENCE","NOT RECOVERED","2020","01","03"
"12/13/2019","GOLDFINGER",".38 SPECIAL","GLD","HIGHWAY/ROAD/ALLEY","NOT RECOVERED","2019","12","13"
"11/22/2019","WALTHER",NA,NA,"SPECIALITY STORE","RECOVERED LOCALLY","2019","11","22"
"11/22/2019","TAURUS","PT111",NA,"BAR/NIGHTCLUB","NOT RECOVERED","2019","11","22"
"11/22/2019","COBRA","380","BLK","SPECIALITY STORE","RECOVERED LOCALLY","2019","11","22"
"11/22/2019","PW ARMS","MAKAROV",NA,"SPECIALITY STORE","NOT RECOVERED","2019","11","22"
"11/22/2019","CENTURY ARMS","CANIK TP9V2",NA,"SPECIALITY STORE","NOT RECOVERED","2019","11","22"
"11/22/2019","HIPOINT","MOD C9",NA,"SPECIALITY STORE","NOT RECOVERED","2019","11","22"
"11/22/2019","EAA","WINDICATOR",NA,"SPECIALITY STORE","RECOVERED OTHER","2019","11","22"
"11/22/2019","KAHR","TP9",NA,"SPECIALITY STORE","RECOVERED LOCALLY","2019","11","22"
"11/22/2019","RUGER","SR45",NA,"SPECIALITY STORE","NOT RECOVERED","2019","11","22"
"11/22/2019","KAHR","MODEL CT9",NA,"SPECIALITY STORE","RECOVERED LOCALLY","2019","11","22"
"11/22/2019","GLOCK","23",NA,"SPECIALITY STORE","NOT RECOVERED","2019","11","22"
"11/18/2019","ROCK ISLAND","1911","BLK","SERVICE/GAS STATION","NOT RECOVERED","2019","11","18"
"11/12/2019","RUGER","P90","BLK","RESTAURANT","NOT RECOVERED","2019","11","12"
"11/09/2019","GLOCK","43","BLK","CONSTRUCTION SITE","NOT RECOVERED","2019","11","09"
"10/25/2019","ROCK ISLAND","ARMORY .38","BLK","RESIDENCE","NOT RECOVERED","2019","10","25"
"10/17/2019","GLOCK","31",NA,"HOTEL/MOTEL","NOT RECOVERED","2019","10","17"
"10/06/2019","SPRINGFIELD",NA,"GRY","RESIDENCE","NOT RECOVERED","2019","10","06"
"09/30/2019",NA,NA,NA,"RESIDENCE","NOT RECOVERED","2019","09","30"
"09/29/2019","GLOCK","G23 40 CALIBER","BLK","HIGHWAY/ROAD/ALLEY","RECOVERED OTHER","2019","09","29"
"09/24/2019","RUGER",NA,"BLK","RESIDENCE","RECOVERED LOCALLY","2019","09","24"
"09/06/2019","RUGER","LCP .380",NA,"AUTO DEALERSHIP","RECOVERED OTHER","2019","09","06"
"08/29/2019","GLOCK","22 GEN 2","BLK","OTHER/UNKNOWN","RECOVERED OTHER","2019","08","29"
"08/24/2019","SMITH AND WESSO","SHIELD","BLK","RESIDENCE","RECOVERED OTHER","2019","08","24"
"08/13/2019","GLOCK","30","BLK","HOTEL/MOTEL","NOT RECOVERED","2019","08","13"
"08/12/2019","SMITH & WESSON","SD9VE","BLK","RESIDENCE","NOT RECOVERED","2019","08","12"
"07/21/2019","SIG SAUER","M400 5.56 AR-15",NA,"DEPARTMENT/DISCOUNT STORE","RECOVERED LOCALLY","2019","07","21"
"07/08/2019","RUGER","22 CHARGER","BLK","RESIDENCE","NOT RECOVERED","2019","07","08"
"06/24/2019","TAURUS","G2C","BLK","RESIDENCE","RECOVERED OTHER","2019","06","24"
"06/09/2019","GLOCK 26","9MM","BLK","RESIDENCE","RECOVERED LOCALLY","2019","06","09"
"04/20/2019","SIG SAUER","P226","BLK","HIGHWAY/ROAD/ALLEY","RECOVERED LOCALLY","2019","04","20"
"04/18/2019","SAVAGE",NA,NA,"RESIDENCE","NOT RECOVERED","2019","04","18"
"03/17/2019","SCCY","CPX1","BLK","RESIDENCE","NOT RECOVERED","2019","03","17"
"03/07/2019","SIG SAUER","P238","BLK","RESIDENCE","NOT RECOVERED","2019","03","07"
"03/07/2019","SIG SAUER","P238","BLK","RESIDENCE","NOT RECOVERED","2019","03","07"
"03/07/2019","SIG SAUER","P938","BLK","RESIDENCE","NOT RECOVERED","2019","03","07"
"03/07/2019","KIMBER","MICRO 9MM","BLK","RESIDENCE","RECOVERED OTHER","2019","03","07"
"02/12/2019","SMITH & WESSON","M&P BODYGUARD","BLK","RESIDENCE","NOT RECOVERED","2019","02","12"
"12/15/2018","GLOCK 19","9MM","BLK","RESIDENCE","NOT RECOVERED","2018","12","15"
"12/06/2018","BERSA","THUNDER","SIL","RESIDENCE","RECOVERED LOCALLY","2018","12","06"
"11/18/2018","SMITH & WESSON","9MM","BLK","CONSTRUCTION SITE","NOT RECOVERED","2018","11","18"
"11/06/2018","MOSSBERG",NA,"BLK","RESIDENCE","NOT RECOVERED","2018","11","06"
"10/19/2018","RUGER","EC9","BLK","RESIDENCE","NOT RECOVERED","2018","10","19"
"10/10/2018","CESKA ZBROJOVKA",".32ACP","BLU","PARKING LOT/GARAGE","NOT RECOVERED","2018","10","10"
"09/28/2018","WALTHER","PPX","BLK","RESIDENCE","NOT RECOVERED","2018","09","28"
"09/28/2018","NORNICO","MAC 91","BLK","RESIDENCE","NOT RECOVERED","2018","09","28"
"09/28/2018","SAIGA",NA,"BLK","RESIDENCE","RECOVERED OTHER","2018","09","28"
"09/11/2018","RUGER","SR40","BLK","HOTEL/MOTEL","NOT RECOVERED","2018","09","11"
"08/29/2018",NA,"PARATROOPER",NA,"RESIDENCE","NOT RECOVERED","2018","08","29"
"08/29/2018","RUGER","SUPER REDHAWK",NA,"RESIDENCE","NOT RECOVERED","2018","08","29"
"08/29/2018","MAKAROV",NA,"BLK","RESIDENCE","NOT RECOVERED","2018","08","29"
"08/29/2018","TAURUS",NA,NA,"RESIDENCE","NOT RECOVERED","2018","08","29"
"08/29/2018",NA,NA,"BLK","RESIDENCE","NOT RECOVERED","2018","08","29"
"08/29/2018","JENNINGS",NA,NA,"RESIDENCE","NOT RECOVERED","2018","08","29"
"08/29/2018","DUCKTOWN",NA,"BLK","RESIDENCE","NOT RECOVERED","2018","08","29"
"08/29/2018","ROUGH RIDER",NA,"BLK","RESIDENCE","NOT RECOVERED","2018","08","29"
"08/21/2018","WINCHESTER",NA,"BLK","RESIDENCE","NOT RECOVERED","2018","08","21"
"08/01/2018","COLT",NA,NA,"RESIDENCE","NOT RECOVERED","2018","08","01"
"07/30/2018","RUGER","EC9S","BLK","SPECIALITY STORE","NOT RECOVERED","2018","07","30"
"06/25/2018","BERETTA","PX4",NA,"RESIDENCE","RECOVERED LOCALLY","2018","06","25"
"05/12/2018","SIG SAVER EQUIN","P238","BLK","RESIDENCE","NOT RECOVERED","2018","05","12"
"04/03/2018","MOSSBERG",NA,NA,"RESIDENCE","NOT RECOVERED","2018","04","03"
"03/26/2018","EAA","EA 9MM","PNK","RESIDENCE","NOT RECOVERED","2018","03","26"
"03/26/2018",NA,NA,NA,"RESIDENCE","NOT RECOVERED","2018","03","26"
"03/24/2018","COBRA",".380","BLK","RESIDENCE","NOT RECOVERED","2018","03","24"
"03/01/2018","GLOCK","27","BLK","RESIDENCE","NOT RECOVERED","2018","03","01"
"03/01/2018","SMITH AND WESSO","M&P SHIELD","BLK","RESIDENCE","NOT RECOVERED","2018","03","01"
"03/01/2018","TAURUS","PJ 24/7 G2","BLK","RESIDENCE","NOT RECOVERED","2018","03","01"
"02/24/2018","GLOCK","MODEL 23","BLK","RESIDENCE","NOT RECOVERED","2018","02","24"
"02/15/2018","WALTHER","PPK 380 CAL","BLK","RESIDENCE","NOT RECOVERED","2018","02","15"
"02/03/2018","TAURUS","PT840 840BC","BLK","RESIDENCE","NOT RECOVERED","2018","02","03"
"01/27/2018","GLOCK","GEN 4 40 .45ACP",NA,"RESIDENCE","NOT RECOVERED","2018","01","27"
"01/23/2018","COLT","M4 5.56 CAL",NA,"RESIDENCE","NOT RECOVERED","2018","01","23"
"01/23/2018","WINCHESTER","30-30",NA,"RESIDENCE","NOT RECOVERED","2018","01","23"
"01/23/2018","MOSSBERG","715T",NA,"RESIDENCE","NOT RECOVERED","2018","01","23"
"01/23/2018","RUGER",NA,NA,"RESIDENCE","NOT RECOVERED","2018","01","23"
"01/23/2018","SMITH & WESSON",NA,NA,"RESIDENCE","NOT RECOVERED","2018","01","23"
"01/23/2018","COLT","COMMANDR 1991A1",NA,"RESIDENCE","NOT RECOVERED","2018","01","23"
"01/23/2018","TASCO","PRO POINT 3",NA,"RESIDENCE","NOT RECOVERED","2018","01","23"
"01/23/2018","TASCO",NA,NA,"RESIDENCE","NOT RECOVERED","2018","01","23"
"01/23/2018","MAKAROV",NA,NA,"RESIDENCE","NOT RECOVERED","2018","01","23"
"01/23/2018","COLT","WOODSMAN",NA,"RESIDENCE","NOT RECOVERED","2018","01","23"
"01/09/2018","WALTHER","CREED","BLK","RESIDENCE","NOT RECOVERED","2018","01","09"
"01/04/2018","SCCY","CPX 9MM","SIL","RESIDENCE","NOT RECOVERED","2018","01","04"
"01/03/2018","REMINGTON","870 EXPRESS",NA,"RESIDENCE","NOT RECOVERED","2018","01","03"
"12/26/2017","GLOCK 19","GENERATION 5 9M",NA,"RESIDENCE","NOT RECOVERED","2017","12","26"
"12/19/2017","HARRINGTON & RI","12 GA SHOTGUN",NA,"RESIDENCE","NOT RECOVERED","2017","12","19"
"12/11/2017","TAURUS","MILLENNIUM G2",NA,"RESIDENCE","RECOVERED LOCALLY","2017","12","11"
"12/08/2017","TAURUS","P2111 9MM",NA,"RESIDENCE","NOT RECOVERED","2017","12","08"
"12/08/2017","GLOCK","23 .40 CALIBER",NA,"RESIDENCE","NOT RECOVERED","2017","12","08"
"12/08/2017",NA,NA,NA,"RESIDENCE","NOT RECOVERED","2017","12","08"
"12/02/2017","GLOCK","B19","BLK","RESIDENCE","RECOVERED LOCALLY","2017","12","02"
"11/22/2017","COLT","38 SPECIAL","BLU","SPECIALITY STORE","NOT RECOVERED","2017","11","22"
"10/29/2017","WALTHER","P99","BLK","RESIDENCE","RECOVERED OTHER","2017","10","29"
"10/27/2017","KEL-TEC",NA,NA,"RESIDENCE","RECOVERED LOCALLY","2017","10","27"
"10/27/2017","RUGER","AR-15",NA,"RESIDENCE","RECOVERED LOCALLY","2017","10","27"
"10/27/2017","RUGER",NA,NA,"RESIDENCE","RECOVERED LOCALLY","2017","10","27"
"10/27/2017","REMINGTON","870",NA,"RESIDENCE","NOT RECOVERED","2017","10","27"
"10/27/2017","RUGER",NA,NA,"RESIDENCE","NOT RECOVERED","2017","10","27"
"10/27/2017","RUGER",NA,NA,"RESIDENCE","NOT RECOVERED","2017","10","27"
"10/09/2017","TAURUS","PT809","BLK","RESIDENCE","NOT RECOVERED","2017","10","09"
"09/24/2017","RUGER","SAVAGE 22",NA,"RESIDENCE","NOT RECOVERED","2017","09","24"
"09/20/2017",NA,NA,NA,"RESIDENCE","NOT RECOVERED","2017","09","20"
"09/14/2017","COBRA",".380",NA,"RESIDENCE","RECOVERED LOCALLY","2017","09","14"
"09/09/2017","RUGER","LCR .38 SPECIAL","BLK","HOTEL/MOTEL","NOT RECOVERED","2017","09","09"
"09/09/2017","SAR","K2JP 9MM","BLK","RESIDENCE","RECOVERED OTHER","2017","09","09"
"09/08/2017","WALTHER","P99 9MM","BLK","SPECIALITY STORE","RECOVERED OTHER","2017","09","08"
"08/08/2017","WELLS FARGO",NA,NA,"SPECIALITY STORE","NOT RECOVERED","2017","08","08"
"07/19/2017","SMITH & WESSON","38 AIRWEIGHT","BLK","DEPARTMENT/DISCOUNT STORE","NOT RECOVERED","2017","07","19"
"07/18/2017","BERETTA","M9 9MM","BLK","RESIDENCE","NOT RECOVERED","2017","07","18"
"07/09/2017","FIRESTART","9MM",NA,"RENTAL STORAGE FACILITY","NOT RECOVERED","2017","07","09"
"07/09/2017","WALTHER P22",NA,NA,"RENTAL STORAGE FACILITY","NOT RECOVERED","2017","07","09"
"07/09/2017","WALTHER PK 380",NA,"BLK","RENTAL STORAGE FACILITY","NOT RECOVERED","2017","07","09"
"07/05/2017","SMITH & WESSON","M&P SHIELD 9MM","BLK","RESIDENCE","NOT RECOVERED","2017","07","05"
"06/29/2017","SMITH & WESSON",NA,NA,NA,"RECOVERED OTHER","2017","06","29"
"06/26/2017","HIGHPOINT","380","BLK","RESIDENCE","RECOVERED OTHER","2017","06","26"
"06/20/2017","BERETTA","TOMCAT","BLK","COMMERCIAL/OFFICE BUILDING","NOT RECOVERED","2017","06","20"
"06/15/2017","SCCY","9MM SEMI AUTO","BLK","RESTAURANT","NOT RECOVERED","2017","06","15"
"04/24/2017","RUGER","9MM","SIL","RESIDENCE","NOT RECOVERED","2017","04","24"
"04/23/2017","RUGER","03600",NA,"RESIDENCE","RECOVERED LOCALLY","2017","04","23"
"04/22/2017","SMITH & WESSON",NA,"BLK","BAR/NIGHTCLUB","NOT RECOVERED","2017","04","22"
"04/16/2017","REMINGTON","12 GAUGE SHOTGU","BLK","HOTEL/MOTEL","NOT RECOVERED","2017","04","16"
"04/06/2017","SMITH & WESSON","WALTHER 380","SIL","RESIDENCE","NOT RECOVERED","2017","04","06"
"03/29/2017","SCAR 17",NA,"BLK","RESIDENCE","RECOVERED OTHER","2017","03","29"
"03/29/2017","AU 47",NA,"BLK","RESIDENCE","RECOVERED OTHER","2017","03","29"
"03/29/2017","GLOCK","19","BLK","RESIDENCE","RECOVERED OTHER","2017","03","29"
"03/29/2017","REMINGJTON","SHOT GUN","BLK","RESIDENCE","RECOVERED OTHER","2017","03","29"
"03/29/2017","AERIAL PRECISIO","AR 15",NA,"RESIDENCE","RECOVERED OTHER","2017","03","29"
"03/21/2017","TAURUS","PQ111","BLK","RESIDENCE","RECOVERED LOCALLY","2017","03","21"
"03/13/2017","GLOCK 19","GEN 4","BLK","RESIDENCE","RECOVERED LOCALLY","2017","03","13"
"03/11/2017","SMITH & WESSON",NA,NA,"RESIDENCE","NOT RECOVERED","2017","03","11"
"03/02/2017","RUGER","SR 9MM","BLK","GOVERNMENT/PUBLIC BUILDING","RECOVERED OTHER","2017","03","02"
"02/12/2017","WALTHER PPKS",".380",NA,"COMMERCIAL/OFFICE BUILDING","NOT RECOVERED","2017","02","12"
"02/05/2017","SPRINGFIELD","XDMWOE192","BLK","RESIDENCE","NOT RECOVERED","2017","02","05"
"01/31/2017",NA,NA,NA,"RESIDENCE","NOT RECOVERED","2017","01","31"
"01/31/2017",NA,NA,NA,"RESIDENCE","NOT RECOVERED","2017","01","31"
"01/22/2017","TAURUS",NA,"BLK","RESIDENCE","RECOVERED OTHER","2017","01","22"
"01/12/2017",NA,"BOLT ACTIION SH",NA,"RESIDENCE","NOT RECOVERED","2017","01","12"
"12/18/2016",NA,"SHOTGUN","BRO","RESIDENCE","NOT RECOVERED","2016","12","18"
"12/09/2016","COBRA",".380","BLK","RESIDENCE","RECOVERED OTHER","2016","12","09"
"12/07/2016","SMITH & WESSON",NA,NA,"DRUG STORE/DR OFFICE/HOSPITAL","NOT RECOVERED","2016","12","07"
"11/18/2016","TAURUS","85UL","SIL","RESIDENCE","NOT RECOVERED","2016","11","18"
"11/07/2016","SIG SAUER","P290",NA,"RESIDENCE","RECOVERED OTHER","2016","11","07"
"10/27/2016","TAURUS","PT111G2","BLK","RESIDENCE","RECOVERED OTHER","2016","10","27"
"10/25/2016","SMITH AND WESSO","SD9VE",NA,"RESIDENCE","RECOVERED OTHER","2016","10","25"
"09/17/2016","SMITH & WESSON","M&P 9MM","BLK","RESTAURANT","RECOVERED OTHER","2016","09","17"
"09/16/2016","GLOCK","27 GEN 3  40 CA",NA,"RESIDENCE","NOT RECOVERED","2016","09","16"
"09/01/2016","MOSSBURG","500","BLK","RESIDENCE","RECOVERED LOCALLY","2016","09","01"
"09/01/2016",".22 MARLIN","25",NA,"RESIDENCE","RECOVERED LOCALLY","2016","09","01"
"08/12/2016","SMITH & WESSON",NA,"SIL","RESIDENCE","NOT RECOVERED","2016","08","12"
"08/11/2016","KIMBER","CUSTOM II","RED","RESIDENCE","NOT RECOVERED","2016","08","11"
"07/24/2016","BARETTA","PX4","BLK","HIGHWAY/ROAD/ALLEY","NOT RECOVERED","2016","07","24"
"07/18/2016","GLOCK","G30","BLK","RESIDENCE","NOT RECOVERED","2016","07","18"
"07/18/2016","TAURUS","PT92SS","BLK","RESIDENCE","NOT RECOVERED","2016","07","18"
"07/02/2016","SMITH & WESSON","MP SHIELD","BLK","DRUG STORE/DR OFFICE/HOSPITAL","NOT RECOVERED","2016","07","02"
"07/01/2016","BERETTA",NA,"BLK","RESIDENCE","NOT RECOVERED","2016","07","01"
"06/29/2016","N AMERICAN ARMS",NA,"SIL","RESIDENCE","NOT RECOVERED","2016","06","29"
"06/28/2016","TAURUS","357","BLK","RESIDENCE","RECOVERED OTHER","2016","06","28"
"06/28/2016","TITAN","TIGER","BLK","COMMERCIAL/OFFICE BUILDING","NOT RECOVERED","2016","06","28"
"06/27/2016","GLOCK","9MM 19","BLK","RESIDENCE","RECOVERED OTHER","2016","06","27"
"06/26/2016","SMITH & WESSON","SHIELD","GRY","RESIDENCE","RECOVERED OTHER","2016","06","26"
"06/26/2016","MARLIN","RIFLE","GRY","RESIDENCE","RECOVERED LOCALLY","2016","06","26"
"06/22/2016","SMITH & WESSON","MMP 45","BLK","PARKING LOT/GARAGE","NOT RECOVERED","2016","06","22"
"06/14/2016","RUGER","MARK 1","BLK","RESIDENCE","NOT RECOVERED","2016","06","14"
"06/13/2016","RUGER LCR 357","05450","BLK","RESIDENCE","NOT RECOVERED","2016","06","13"
"06/04/2016","MAGNUM 357","19",NA,"RESTAURANT","NOT RECOVERED","2016","06","04"
"06/01/2016","TAURUS","MILLENNIUM G2",NA,"RESIDENCE","NOT RECOVERED","2016","06","01"
"05/29/2016","GLOCK",NA,NA,"RESIDENCE","NOT RECOVERED","2016","05","29"
"05/26/2016","HI POINT","C9 9MM","BLK","RESIDENCE","NOT RECOVERED","2016","05","26"
"05/11/2016","SMITH & WESSON","M&P 9MM",NA,"DRUG STORE/DR OFFICE/HOSPITAL","NOT RECOVERED","2016","05","11"
"04/28/2016","FMJ","DERRINGER",NA,"RESIDENCE","NOT RECOVERED","2016","04","28"
"04/08/2016","BUSHMASTER","CARBON-15",NA,"RESIDENCE","NOT RECOVERED","2016","04","08"
"04/08/2016","GLOCK","17",NA,"RESIDENCE","RECOVERED OTHER","2016","04","08"
"04/08/2016","KEL-TEC","PMR-30",NA,"RESIDENCE","RECOVERED OTHER","2016","04","08"
"04/08/2016",NA,"AK-47",NA,"RESIDENCE","NOT RECOVERED","2016","04","08"
"04/02/2016","EAA",NA,"BLK","RESIDENCE","RECOVERED LOCALLY","2016","04","02"
"03/18/2016","HENRY ARMS",".17 CALIBRE",NA,"RESIDENCE","RECOVERED LOCALLY","2016","03","18"
"02/23/2016","HIGHPOINT","CARBINE",NA,"RESIDENCE","RECOVERED LOCALLY","2016","02","23"
"02/23/2016","RUGAR",NA,NA,"RESIDENCE","RECOVERED LOCALLY","2016","02","23"
"02/08/2016","TAURUS","PT740 SLIM",NA,"RESIDENCE","NOT RECOVERED","2016","02","08"
"01/24/2016","CENTURY ARMS","M92",NA,"RESIDENCE","RECOVERED LOCALLY","2016","01","24"
"01/15/2016","JENNINGS J22",NA,"COM","RESIDENCE","NOT RECOVERED","2016","01","15"
"01/06/2016","HI POINT","9MM","BLK","RESIDENCE","RECOVERED LOCALLY","2016","01","06"
